[
  {
    "id": "1",
    "nom": "Algoterre 1,5 Kg – Amendement calcaire",
    "prix": 13.2,
    "url": "/img-prod/algoterre-amendement-calcaire-naturel-potager-verger-pro_1.png"
  },

  {
    "id": "2",
    "nom": "Engrais Foliaire – Croissance Océan 20L",
    "prix": 513.0,
    "url": "/img-prod/croissance-ocean-engrais-foliaire-bidon-20-litres-768x768_2.webp"
  },

  {
    "id": "3",
    "nom": "Engrais Foliaire – Croissance Océan 33 cl",
    "prix": 22.5,
    "url": "/img-prod/Bouteille-Croissance-Ocean-768x768_3.webp"
  },

  {
    "id": "4",
    "nom": "Engrais Pro Bio Terre 100kg",
    "prix": 335.0,
    "url": "/img-prod/pro-bio-terre-100-kg-768x768_4.png"
  },

  {
    "id": "5",
    "nom": "Engrais Pro Bio Terre 1kg - 30m²",
    "prix": 12.9,
    "url": "/img-prod/Pro-Bio-Terre-1-Kilo-1-768x768_5.png"
  },

  {
    "id": "6",
    "nom": "Engrais Pro Bio Terre 25kg",
    "prix": 89.0,
    "url": "/img-prod/pro-bio-terre-25-kg-768x768_6.png"
  },

  {
    "id": "7",
    "nom": "Engrais Pro Bio Terre 50kg",
    "prix": 175.0,
    "url": "/img-prod/pro-bio-terre-50-kg-768x768_7.png"
  },

  {
    "id": "8",
    "nom": "Fertilisant Pro Bio Terre 5kg",
    "prix": 34.0,
    "url": "/img-prod/sac-5-kg-pro-bio-terre-768x768_8.png"
  },

  {
    "id": "9",
    "nom": "Pack engrais + amendement calcaire “Régénération du Jardin”",
    "prix": 135.0,
    "url": "/img-prod/Pack-Regeneration-Pro-Bio-Terre-Pro-Bio-Mer_9.png"
  },

  {
    "id": "10",
    "nom": "Pack Nutrition du Jardin",
    "prix": 848.0,
    "url": "/img-prod/pack-engrais-croissance-ocean-768x768_10.webp"
  },

  {
    "id": "11",
    "nom": "Pro Bio Mer 100Kg – 1800 m² – Amendement calcaire",
    "prix": 229.0,
    "url": "/img-prod/Pro-Bio-Mer-100-Kilos-2-768x768_11.png"
  },

  {
    "id": "12",
    "nom": "Pro Bio Mer 25kg - 450 m² - Amendement calcaire",
    "prix": 69.0,
    "url": "/img-prod/Pro-Bio-Mer-25-Kilos-2-768x768_12.png"
  }
]
